Source,Target,Link
https://www.youtube.com/c/TheYoungTurks/videos,https://www.youtube.com/watch?v=a5w-LkzvSok,1
https://www.youtube.com/c/TheYoungTurks/videos,https://www.youtube.com/watch?v=a5w-LkzvSok,1
https://www.youtube.com/c/TheYoungTurks/videos,https://www.youtube.com/watch?v=a5w-LkzvSok,1
https://www.youtube.com/c/TheYoungTurks/videos,https://www.youtube.com/watch?v=HGgQ8YC7YTk,1
https://www.youtube.com/c/TheYoungTurks/videos,https://www.youtube.com/watch?v=HGgQ8YC7YTk,1
https://www.youtube.com/c/TheYoungTurks/videos,https://www.youtube.com/watch?v=HGgQ8YC7YTk,1
https://www.youtube.com/c/TheYoungTurks/videos,https://www.youtube.com/watch?v=HGgQ8YC7YTk,1
https://www.youtube.com/c/TheYoungTurks/videos,https://www.youtube.com/watch?v=nfzo0BWV1KU,1
https://www.youtube.com/c/TheYoungTurks/videos,https://www.youtube.com/watch?v=nfzo0BWV1KU,1
https://www.youtube.com/c/TheYoungTurks/videos,https://www.youtube.com/watch?v=nfzo0BWV1KU,1
https://www.youtube.com/c/TheYoungTurks/videos,https://www.youtube.com/watch?v=nfzo0BWV1KU,1
https://www.youtube.com/c/TheYoungTurks/videos,https://www.youtube.com/watch?v=RxvCe4fmUMU,1
https://www.youtube.com/c/TheYoungTurks/videos,https://www.youtube.com/watch?v=RxvCe4fmUMU,1
https://www.youtube.com/c/TheYoungTurks/videos,https://www.youtube.com/watch?v=btcz9DI4Z9w,1
https://www.youtube.com/c/TheYoungTurks/videos,https://www.youtube.com/watch?v=btcz9DI4Z9w,1
https://www.youtube.com/c/TheYoungTurks/videos,https://www.youtube.com/watch?v=btcz9DI4Z9w,1
https://www.youtube.com/c/TheYoungTurks/videos,https://www.youtube.com/watch?v=6tDYZP4jqRg,1
https://www.youtube.com/c/TheYoungTurks/videos,https://www.youtube.com/watch?v=6tDYZP4jqRg,1
https://www.youtube.com/c/TheYoungTurks/videos,https://www.youtube.com/watch?v=6tDYZP4jqRg,1
https://www.youtube.com/c/TheYoungTurks/videos,https://www.youtube.com/watch?v=6tDYZP4jqRg,1
https://www.youtube.com/c/TheYoungTurks/videos,https://www.youtube.com/watch?v=HjyzSDmqCLI,1
https://www.youtube.com/c/TheYoungTurks/videos,https://www.youtube.com/watch?v=HjyzSDmqCLI,1
https://www.youtube.com/c/TheYoungTurks/videos,https://www.youtube.com/watch?v=K7-xM49_BuI,1
https://www.youtube.com/c/TheYoungTurks/videos,https://www.youtube.com/watch?v=K7-xM49_BuI,1
https://www.youtube.com/c/TheYoungTurks/videos,https://www.youtube.com/watch?v=K7-xM49_BuI,1
https://www.youtube.com/c/TheYoungTurks/videos,https://www.youtube.com/watch?v=cQOOXNMpnvE,1
https://www.youtube.com/c/TheYoungTurks/videos,https://www.youtube.com/watch?v=cQOOXNMpnvE,1
https://www.youtube.com/c/TheYoungTurks/videos,https://www.youtube.com/watch?v=ZK49LfFmhwk,1
https://www.youtube.com/c/TheYoungTurks/videos,https://www.youtube.com/watch?v=ZK49LfFmhwk,1
https://www.youtube.com/c/TheYoungTurks/videos,https://www.youtube.com/watch?v=ZK49LfFmhwk,1
https://www.youtube.com/c/TheYoungTurks/videos,https://www.youtube.com/watch?v=ZK49LfFmhwk,1
https://www.youtube.com/c/TheYoungTurks/videos,https://www.youtube.com/watch?v=ZK49LfFmhwk,1
https://www.youtube.com/c/TheYoungTurks/videos,https://www.youtube.com/watch?v=ZK49LfFmhwk,1
https://www.youtube.com/c/TheYoungTurks/videos,https://www.youtube.com/watch?v=CT_WVO0hTKw,1
https://www.youtube.com/c/TheYoungTurks/videos,https://www.youtube.com/watch?v=CT_WVO0hTKw,1
https://www.youtube.com/c/TheYoungTurks/videos,https://www.youtube.com/watch?v=CT_WVO0hTKw,1
https://www.youtube.com/c/TheYoungTurks/videos,https://www.youtube.com/watch?v=CT_WVO0hTKw,1
https://www.youtube.com/c/TheYoungTurks/videos,https://www.youtube.com/watch?v=4flS2Vuol8k,1
https://www.youtube.com/c/TheYoungTurks/videos,https://www.youtube.com/watch?v=4flS2Vuol8k,1
https://www.youtube.com/c/TheYoungTurks/videos,https://www.youtube.com/watch?v=4flS2Vuol8k,1
https://www.youtube.com/c/TheYoungTurks/videos,https://www.youtube.com/watch?v=4flS2Vuol8k,1
https://www.youtube.com/c/TheYoungTurks/videos,https://www.youtube.com/watch?v=4flS2Vuol8k,1
https://www.youtube.com/c/TheYoungTurks/videos,https://www.youtube.com/watch?v=PceWpMHc26Y,1
https://www.youtube.com/c/TheYoungTurks/videos,https://www.youtube.com/watch?v=PceWpMHc26Y,1
https://www.youtube.com/c/TheYoungTurks/videos,https://www.youtube.com/watch?v=PceWpMHc26Y,1
https://www.youtube.com/c/TheYoungTurks/videos,https://www.youtube.com/watch?v=PceWpMHc26Y,1
https://www.youtube.com/c/TheYoungTurks/videos,https://www.youtube.com/watch?v=_9boIhvYEyQ,1
https://www.youtube.com/c/TheYoungTurks/videos,https://www.youtube.com/watch?v=_9boIhvYEyQ,1
https://www.youtube.com/c/TheYoungTurks/videos,https://www.youtube.com/watch?v=3_LxezqArzE,1
https://www.youtube.com/c/TheYoungTurks/videos,https://www.youtube.com/watch?v=rN3_Bb3lzZg,1
https://www.youtube.com/c/TheYoungTurks/videos,https://www.youtube.com/watch?v=Jz1YfvAw5Ow,1
https://www.youtube.com/c/TheYoungTurks/videos,https://www.youtube.com/watch?v=3_LxezqArzE,1
https://www.youtube.com/c/TheYoungTurks/videos,https://www.youtube.com/watch?v=nrjnpl5xA4o,1
https://www.youtube.com/c/TheYoungTurks/videos,https://www.youtube.com/watch?v=rN3_Bb3lzZg,1
https://www.youtube.com/c/TheYoungTurks/videos,https://www.youtube.com/watch?v=eXq_WRKvlNs,1
https://www.youtube.com/c/TheYoungTurks/videos,https://www.youtube.com/watch?v=sLLX8cKCys0,1
https://www.youtube.com/c/TheYoungTurks/videos,https://www.youtube.com/watch?v=Men1QHpVJ4k,1
https://www.youtube.com/c/TheYoungTurks/videos,https://www.youtube.com/watch?v=wO2lWmgEK1Y,1
https://www.youtube.com/c/TheYoungTurks/videos,https://www.youtube.com/watch?v=9WU2oh6u_Ak,1
https://www.youtube.com/c/TheYoungTurks/videos,https://www.youtube.com/watch?v=VpEBiYLt4xQ,1
https://www.youtube.com/c/TheYoungTurks/videos,https://www.youtube.com/watch?v=n9jcIr8FyPs,1
https://www.youtube.com/c/TheYoungTurks/videos,https://www.youtube.com/watch?v=6bZjtTcUABA,1
https://www.youtube.com/c/TheYoungTurks/videos,https://www.youtube.com/watch?v=QSjoh7EVpgA,1
https://www.youtube.com/c/TheYoungTurks/videos,https://www.youtube.com/watch?v=F9Xyo8IFsEQ,1
https://www.youtube.com/c/TheYoungTurks/videos,https://www.youtube.com/watch?v=sLLX8cKCys0,1
https://www.youtube.com/c/TheYoungTurks/videos,https://www.youtube.com/watch?v=fHP41Yb5LbI,1
https://www.youtube.com/c/TheYoungTurks/videos,https://www.youtube.com/watch?v=mLqs-88Lkrc,1
https://www.youtube.com/c/TheYoungTurks/videos,https://www.youtube.com/watch?v=dFeQlMamVY8,1
https://www.youtube.com/c/TheYoungTurks/videos,https://www.youtube.com/watch?v=3Ugk9DZJlcE,1
https://www.youtube.com/c/TheYoungTurks/videos,https://www.youtube.com/watch?v=3Xor0FEgCi4,1
https://www.youtube.com/c/TheYoungTurks/videos,https://www.youtube.com/watch?v=ohYBVOwOjjQ,1
https://www.youtube.com/c/TheYoungTurks/videos,https://www.youtube.com/watch?v=pKHBdMJfxHY,1
https://www.youtube.com/c/TheYoungTurks/videos,https://www.youtube.com/watch?v=HamEdUGD6j0,1
https://www.youtube.com/c/TheYoungTurks/videos,https://www.youtube.com/watch?v=nPCZOwR-uI4,1
https://www.youtube.com/c/TheYoungTurks/videos,https://www.youtube.com/watch?v=9HGFUxnUdhw,1
https://www.youtube.com/c/TheYoungTurks/videos,https://www.youtube.com/watch?v=HC2fccXfoBk,1
https://www.youtube.com/c/TheYoungTurks/videos,https://www.youtube.com/watch?v=sLLX8cKCys0,1
https://www.youtube.com/c/TheYoungTurks/videos,https://www.youtube.com/watch?v=aB_qv8l_cWE,1
https://www.youtube.com/c/TheYoungTurks/videos,https://www.youtube.com/watch?v=VD5zDwJ_iv8,1
https://www.youtube.com/c/TheYoungTurks/videos,https://www.youtube.com/watch?v=DcxdyMylHQs,1
https://www.youtube.com/c/TheYoungTurks/videos,https://www.youtube.com/watch?v=-3itffqn2JU,1
https://www.youtube.com/c/TheYoungTurks/videos,https://www.youtube.com/watch?v=sLLX8cKCys0,1
https://www.youtube.com/c/TheYoungTurks/videos,https://www.youtube.com/watch?v=aB_qv8l_cWE,1
https://www.youtube.com/c/TheYoungTurks/videos,https://www.youtube.com/watch?v=nPCZOwR-uI4,1
https://www.youtube.com/c/TheYoungTurks/videos,https://www.youtube.com/watch?v=VD5zDwJ_iv8,1
https://www.youtube.com/c/TheYoungTurks/videos,https://www.youtube.com/watch?v=_WhZXhRS3F4,1
https://www.youtube.com/c/TheYoungTurks/videos,https://www.youtube.com/watch?v=fHP41Yb5LbI,1
https://www.youtube.com/c/TheYoungTurks/videos,https://www.youtube.com/watch?v=66XvoY_HO5g,1
https://www.youtube.com/c/TheYoungTurks/videos,https://www.youtube.com/watch?v=-mXifgavPUA,1
https://www.youtube.com/c/TheYoungTurks/videos,https://www.youtube.com/watch?v=mLqs-88Lkrc,1
https://www.youtube.com/c/TheYoungTurks/videos,https://www.youtube.com/watch?v=fHP41Yb5LbI,1
https://www.youtube.com/c/TheYoungTurks/videos,https://www.youtube.com/watch?v=3Ugk9DZJlcE,1
https://www.youtube.com/c/TheYoungTurks/videos,https://www.youtube.com/watch?v=VvivBHMmFZw,1
https://www.youtube.com/c/TheYoungTurks/videos,https://www.youtube.com/watch?v=66XvoY_HO5g,1
https://www.youtube.com/c/TheYoungTurks/videos,https://www.youtube.com/watch?v=yZYQpge1W5s,1
https://www.youtube.com/c/TheYoungTurks/videos,https://www.youtube.com/watch?v=mLqs-88Lkrc,1
https://www.youtube.com/c/FoxNews/videos,https://www.youtube.com/watch?v=rLD9p8_sHP4,1
https://www.youtube.com/c/FoxNews/videos,https://www.youtube.com/watch?v=rLD9p8_sHP4,1
https://www.youtube.com/c/FoxNews/videos,https://www.youtube.com/watch?v=rLD9p8_sHP4,1
https://www.youtube.com/c/FoxNews/videos,https://www.youtube.com/watch?v=rLD9p8_sHP4,1
https://www.youtube.com/c/FoxNews/videos,https://www.youtube.com/watch?v=rLD9p8_sHP4,1
https://www.youtube.com/c/FoxNews/videos,https://www.youtube.com/watch?v=3L9J_KoMMlI,1
https://www.youtube.com/c/FoxNews/videos,https://www.youtube.com/watch?v=3L9J_KoMMlI,1
https://www.youtube.com/c/FoxNews/videos,https://www.youtube.com/watch?v=3L9J_KoMMlI,1
https://www.youtube.com/c/FoxNews/videos,https://www.youtube.com/watch?v=3L9J_KoMMlI,1
https://www.youtube.com/c/FoxNews/videos,https://www.youtube.com/watch?v=9P7_00M3Vho,1
https://www.youtube.com/c/FoxNews/videos,https://www.youtube.com/watch?v=9P7_00M3Vho,1
https://www.youtube.com/c/FoxNews/videos,https://www.youtube.com/watch?v=9P7_00M3Vho,1
https://www.youtube.com/c/FoxNews/videos,https://www.youtube.com/watch?v=9P7_00M3Vho,1
https://www.youtube.com/c/FoxNews/videos,https://www.youtube.com/watch?v=9P7_00M3Vho,1
https://www.youtube.com/c/FoxNews/videos,https://www.youtube.com/watch?v=9P7_00M3Vho,1
https://www.youtube.com/c/FoxNews/videos,https://www.youtube.com/watch?v=9P7_00M3Vho,1
https://www.youtube.com/c/FoxNews/videos,https://www.youtube.com/watch?v=9P7_00M3Vho,1
https://www.youtube.com/c/FoxNews/videos,https://www.youtube.com/watch?v=9P7_00M3Vho,1
https://www.youtube.com/c/FoxNews/videos,https://www.youtube.com/watch?v=9P7_00M3Vho,1
https://www.youtube.com/c/FoxNews/videos,https://www.youtube.com/watch?v=9P7_00M3Vho,1
https://www.youtube.com/c/FoxNews/videos,https://www.youtube.com/watch?v=9P7_00M3Vho,1
https://www.youtube.com/c/FoxNews/videos,https://www.youtube.com/watch?v=9P7_00M3Vho,1
https://www.youtube.com/c/FoxNews/videos,https://www.youtube.com/watch?v=9P7_00M3Vho,1
https://www.youtube.com/c/FoxNews/videos,https://www.youtube.com/watch?v=9P7_00M3Vho,1
https://www.youtube.com/c/FoxNews/videos,https://www.youtube.com/watch?v=9P7_00M3Vho,1
https://www.youtube.com/c/FoxNews/videos,https://www.youtube.com/watch?v=9P7_00M3Vho,1
https://www.youtube.com/c/FoxNews/videos,https://www.youtube.com/watch?v=9P7_00M3Vho,1
https://www.youtube.com/c/FoxNews/videos,https://www.youtube.com/watch?v=9P7_00M3Vho,1
https://www.youtube.com/c/FoxNews/videos,https://www.youtube.com/watch?v=9P7_00M3Vho,1
https://www.youtube.com/c/FoxNews/videos,https://www.youtube.com/watch?v=X-DBcEgNbco,1
https://www.youtube.com/c/FoxNews/videos,https://www.youtube.com/watch?v=X-DBcEgNbco,1
https://www.youtube.com/c/FoxNews/videos,https://www.youtube.com/watch?v=X-DBcEgNbco,1
https://www.youtube.com/c/FoxNews/videos,https://www.youtube.com/watch?v=X-DBcEgNbco,1
https://www.youtube.com/c/FoxNews/videos,https://www.youtube.com/watch?v=B6HBVOE5Ln4,1
https://www.youtube.com/c/FoxNews/videos,https://www.youtube.com/watch?v=B6HBVOE5Ln4,1
https://www.youtube.com/c/FoxNews/videos,https://www.youtube.com/watch?v=B6HBVOE5Ln4,1
https://www.youtube.com/c/FoxNews/videos,https://www.youtube.com/watch?v=B6HBVOE5Ln4,1
https://www.youtube.com/c/FoxNews/videos,https://www.youtube.com/watch?v=nO4Q0fzt_dE,1
https://www.youtube.com/c/FoxNews/videos,https://www.youtube.com/watch?v=nO4Q0fzt_dE,1
https://www.youtube.com/c/FoxNews/videos,https://www.youtube.com/watch?v=nO4Q0fzt_dE,1
https://www.youtube.com/c/FoxNews/videos,https://www.youtube.com/watch?v=nO4Q0fzt_dE,1
https://www.youtube.com/c/FoxNews/videos,https://www.youtube.com/watch?v=nO4Q0fzt_dE,1
https://www.youtube.com/c/FoxNews/videos,https://www.youtube.com/watch?v=nO4Q0fzt_dE,1
https://www.youtube.com/c/FoxNews/videos,https://www.youtube.com/watch?v=nO4Q0fzt_dE,1
https://www.youtube.com/c/FoxNews/videos,https://www.youtube.com/watch?v=nAupmHRJ8Bk,1
https://www.youtube.com/c/FoxNews/videos,https://www.youtube.com/watch?v=nAupmHRJ8Bk,1
https://www.youtube.com/c/FoxNews/videos,https://www.youtube.com/watch?v=nAupmHRJ8Bk,1
https://www.youtube.com/c/FoxNews/videos,https://www.youtube.com/watch?v=G7Zrlcnrk-k,1
https://www.youtube.com/c/FoxNews/videos,https://www.youtube.com/watch?v=G7Zrlcnrk-k,1
https://www.youtube.com/c/FoxNews/videos,https://www.youtube.com/watch?v=G7Zrlcnrk-k,1
https://www.youtube.com/c/FoxNews/videos,https://www.youtube.com/watch?v=G7Zrlcnrk-k,1
https://www.youtube.com/c/FoxNews/videos,https://www.youtube.com/watch?v=G7Zrlcnrk-k,1
https://www.youtube.com/c/FoxNews/videos,https://www.youtube.com/watch?v=G7Zrlcnrk-k,1
https://www.youtube.com/c/FoxNews/videos,https://www.youtube.com/watch?v=hWabM2Fg448,1
https://www.youtube.com/c/FoxNews/videos,https://www.youtube.com/watch?v=hWabM2Fg448,1
https://www.youtube.com/c/FoxNews/videos,https://www.youtube.com/watch?v=hWabM2Fg448,1
https://www.youtube.com/c/FoxNews/videos,https://www.youtube.com/watch?v=hWabM2Fg448,1
https://www.youtube.com/c/FoxNews/videos,https://www.youtube.com/watch?v=hWabM2Fg448,1
https://www.youtube.com/c/FoxNews/videos,https://www.youtube.com/watch?v=VRJV-CVZwwI,1
https://www.youtube.com/c/FoxNews/videos,https://www.youtube.com/watch?v=VRJV-CVZwwI,1
https://www.youtube.com/c/FoxNews/videos,https://www.youtube.com/watch?v=VRJV-CVZwwI,1
https://www.youtube.com/c/FoxNews/videos,https://www.youtube.com/watch?v=fR2GBjA6uWo,1
https://www.youtube.com/c/FoxNews/videos,https://www.youtube.com/watch?v=fR2GBjA6uWo,1
https://www.youtube.com/c/FoxNews/videos,https://www.youtube.com/watch?v=fR2GBjA6uWo,1
https://www.youtube.com/c/FoxNews/videos,https://www.youtube.com/watch?v=fR2GBjA6uWo,1
https://www.youtube.com/c/FoxNews/videos,https://www.youtube.com/watch?v=Dd5uwRuv3C0,1
https://www.youtube.com/c/FoxNews/videos,https://www.youtube.com/watch?v=Dd5uwRuv3C0,1
https://www.youtube.com/c/FoxNews/videos,https://www.youtube.com/watch?v=Dd5uwRuv3C0,1
https://www.youtube.com/c/FoxNews/videos,https://www.youtube.com/watch?v=lnBFa1jWeig,1
https://www.youtube.com/c/FoxNews/videos,https://www.youtube.com/watch?v=lnBFa1jWeig,1
https://www.youtube.com/c/FoxNews/videos,https://www.youtube.com/watch?v=lnBFa1jWeig,1
https://www.youtube.com/c/FoxNews/videos,https://www.youtube.com/watch?v=lnBFa1jWeig,1
https://www.youtube.com/c/FoxNews/videos,https://www.youtube.com/watch?v=_v3eGX1LJ_c,1
https://www.youtube.com/c/FoxNews/videos,https://www.youtube.com/watch?v=GGp08YB4mao,1
https://www.youtube.com/c/FoxNews/videos,https://www.youtube.com/watch?v=bQIWJHg-Ahk,1
https://www.youtube.com/c/FoxNews/videos,https://www.youtube.com/watch?v=-2GHs-8iZ8o,1
https://www.youtube.com/c/FoxNews/videos,https://www.youtube.com/watch?v=Je1bsHj4Olw,1
https://www.youtube.com/c/FoxNews/videos,https://www.youtube.com/watch?v=b0_QcFj2eFg,1
https://www.youtube.com/c/FoxNews/videos,https://www.youtube.com/watch?v=PnilFWSJUWA,1
https://www.youtube.com/c/FoxNews/videos,https://www.youtube.com/watch?v=ZJmYhEsa_iM,1
https://www.youtube.com/c/FoxNews/videos,https://www.youtube.com/watch?v=bZAU3Z3exek,1
https://www.youtube.com/c/FoxNews/videos,https://www.youtube.com/watch?v=C0iTw2ekUaw,1
https://www.youtube.com/c/FoxNews/videos,https://www.youtube.com/watch?v=iFEgXOzKkeM,1
https://www.youtube.com/c/FoxNews/videos,https://www.youtube.com/watch?v=45nsBVqRfCc,1
https://www.youtube.com/c/FoxNews/videos,https://www.youtube.com/watch?v=MTfbFUuBZ_4,1
https://www.youtube.com/c/FoxNews/videos,https://www.youtube.com/watch?v=aB_qv8l_cWE,1
https://www.youtube.com/c/FoxNews/videos,https://www.youtube.com/watch?v=n4nf3w9UpK4,1
https://www.youtube.com/c/FoxNews/videos,https://www.youtube.com/watch?v=ht9XF8O3mlc,1
https://www.youtube.com/c/FoxNews/videos,https://www.youtube.com/watch?v=mh_T2Vu-Ljw,1
https://www.youtube.com/c/FoxNews/videos,https://www.youtube.com/watch?v=mNGsZ5I2juA,1
https://www.youtube.com/c/FoxNews/videos,https://www.youtube.com/watch?v=rlPtXoUW5xo,1
https://www.youtube.com/c/FoxNews/videos,https://www.youtube.com/watch?v=kujtF7tZ1Zk,1
https://www.youtube.com/c/FoxNews/videos,https://www.youtube.com/watch?v=O1_JpABEJ-A,1
https://www.youtube.com/c/FoxNews/videos,https://www.youtube.com/watch?v=CRgjSfi043Y,1
https://www.youtube.com/c/FoxNews/videos,https://www.youtube.com/watch?v=8NtFuLe8icQ,1
https://www.youtube.com/c/FoxNews/videos,https://www.youtube.com/watch?v=5g24KqLnd8k,1
https://www.youtube.com/c/FoxNews/videos,https://www.youtube.com/watch?v=h5dYmDbJOoU,1
https://www.youtube.com/c/FoxNews/videos,https://www.youtube.com/watch?v=8XL1bsHjYAo,1
https://www.youtube.com/c/FoxNews/videos,https://www.youtube.com/watch?v=mLqs-88Lkrc,1
https://www.youtube.com/c/FoxNews/videos,https://www.youtube.com/watch?v=7_NiH4RzWgU,1
https://www.youtube.com/c/FoxNews/videos,https://www.youtube.com/watch?v=TPJtn7ei-5U,1
https://www.youtube.com/c/FoxNews/videos,https://www.youtube.com/watch?v=aE84G6QHY3k,1
https://www.youtube.com/c/FoxNews/videos,https://www.youtube.com/watch?v=Fd1i2XB_cus,1
https://www.youtube.com/c/FoxNews/videos,https://www.youtube.com/watch?v=AYqhX_QfwFI,1
https://www.youtube.com/c/FoxNews/videos,https://www.youtube.com/watch?v=bZAU3Z3exek,1
https://www.youtube.com/c/FoxNews/videos,https://www.youtube.com/watch?v=bZAU3Z3exek,1
https://www.youtube.com/c/FoxNews/videos,https://www.youtube.com/watch?v=T20zDtXZbDw,1
https://www.youtube.com/c/FoxNews/videos,https://www.youtube.com/watch?v=E0oJMUUsn-g,1
https://www.youtube.com/c/FoxNews/videos,https://www.youtube.com/watch?v=DnK3IWKXvRE,1
https://www.youtube.com/c/FoxNews/videos,https://www.youtube.com/watch?v=_1nZUzBSTiI,1
https://www.youtube.com/c/FoxNews/videos,https://www.youtube.com/watch?v=8pS1edpeGqI,1
https://www.youtube.com/c/FoxNews/videos,https://www.youtube.com/watch?v=Wf2ZlHywkr4,1
https://www.youtube.com/c/FoxNews/videos,https://www.youtube.com/watch?v=9C_eQTP-dxk,1
https://www.youtube.com/c/FoxNews/videos,https://www.youtube.com/watch?v=ri2EsLNhSa0,1
https://www.youtube.com/c/FoxNews/videos,https://www.youtube.com/watch?v=yxBvSUUCVSE,1
https://www.youtube.com/c/FoxNews/videos,https://www.youtube.com/watch?v=KZWNJE8bkbQ,1
https://www.youtube.com/c/FoxNews/videos,https://www.youtube.com/watch?v=s7uScWHcTzk,1
https://www.youtube.com/c/FoxNews/videos,https://www.youtube.com/watch?v=ggOTxSGc4pg,1
https://www.youtube.com/c/FoxNews/videos,https://www.youtube.com/watch?v=W3xfHZJkYmA,1
https://www.youtube.com/c/FoxNews/videos,https://www.youtube.com/watch?v=gNjwr--E_Nc,1
https://www.youtube.com/c/FoxNews/videos,https://www.youtube.com/watch?v=_iudkPi4_sY,1
https://www.youtube.com/c/FoxNews/videos,https://www.youtube.com/watch?v=sElv6-hBp4Q,1
https://www.youtube.com/c/FoxNews/videos,https://www.youtube.com/watch?v=wT1uiFdZAHs,1
https://www.youtube.com/c/FoxNews/videos,https://www.youtube.com/watch?v=LbJ6pd2FgqI,1
https://www.youtube.com/c/FoxNews/videos,https://www.youtube.com/watch?v=Pg0XXhkt0gw,1
https://www.youtube.com/c/FoxNews/videos,https://www.youtube.com/watch?v=cNaCSlQUaNs,1
https://www.youtube.com/c/FoxNews/videos,https://www.youtube.com/watch?v=yBnGhJwG0Ew,1
https://www.youtube.com/c/FoxNews/videos,https://www.youtube.com/watch?v=hM51Rqx5nwA,1
https://www.youtube.com/c/FoxNews/videos,https://www.youtube.com/watch?v=fjKADyuTRh8,1
https://www.youtube.com/c/FoxNews/videos,https://www.youtube.com/watch?v=SleyqYvFZ_s,1
https://www.youtube.com/c/FoxNews/videos,https://www.youtube.com/watch?v=4DNANW8jzgM,1
https://www.youtube.com/c/FoxNews/videos,https://www.youtube.com/watch?v=_1nZUzBSTiI,1
https://www.youtube.com/c/FoxNews/videos,https://www.youtube.com/watch?v=9oe6HgB25DM,1
https://www.youtube.com/c/FoxNews/videos,https://www.youtube.com/watch?v=ZSu4rCizyUM,1
https://www.youtube.com/c/FoxNews/videos,https://www.youtube.com/watch?v=3Xor0FEgCi4,1
https://www.youtube.com/c/FoxNews/videos,https://www.youtube.com/watch?v=P7uX8f32cwQ,1
https://www.youtube.com/c/FoxNews/videos,https://www.youtube.com/watch?v=b0_QcFj2eFg,1
https://www.youtube.com/c/FoxNews/videos,https://www.youtube.com/watch?v=yDaLrVLr2YM,1
https://www.youtube.com/c/FoxNews/videos,https://www.youtube.com/watch?v=aGhBaB2ddIg,1
https://www.youtube.com/c/FoxNews/videos,https://www.youtube.com/watch?v=_WTZo9ieBKY,1
https://www.youtube.com/c/FoxNews/videos,https://www.youtube.com/watch?v=DcA5TotAkhs,1
https://www.youtube.com/c/FoxNews/videos,https://www.youtube.com/watch?v=Tl0Ru5QKkcs,1
https://www.youtube.com/c/FoxNews/videos,https://www.youtube.com/watch?v=P3c2Mr03TPM,1
https://www.youtube.com/c/FoxNews/videos,https://www.youtube.com/watch?v=iK7__28iw20,1
https://www.youtube.com/user/CNN/videos,https://www.youtube.com/watch?v=Bl8mY2MOIwo,1
https://www.youtube.com/user/CNN/videos,https://www.youtube.com/watch?v=Bl8mY2MOIwo,1
https://www.youtube.com/user/CNN/videos,https://www.youtube.com/watch?v=Bl8mY2MOIwo,1
https://www.youtube.com/user/CNN/videos,https://www.youtube.com/watch?v=Bl8mY2MOIwo,1
https://www.youtube.com/user/CNN/videos,https://www.youtube.com/watch?v=Bl8mY2MOIwo,1
https://www.youtube.com/user/CNN/videos,https://www.youtube.com/watch?v=HotdJBmi8FM,1
https://www.youtube.com/user/CNN/videos,https://www.youtube.com/watch?v=HotdJBmi8FM,1
https://www.youtube.com/user/CNN/videos,https://www.youtube.com/watch?v=HotdJBmi8FM,1
https://www.youtube.com/user/CNN/videos,https://www.youtube.com/watch?v=HotdJBmi8FM,1
https://www.youtube.com/user/CNN/videos,https://www.youtube.com/watch?v=HotdJBmi8FM,1
https://www.youtube.com/user/CNN/videos,https://www.youtube.com/watch?v=HotdJBmi8FM,1
https://www.youtube.com/user/CNN/videos,https://www.youtube.com/watch?v=HotdJBmi8FM,1
https://www.youtube.com/user/CNN/videos,https://www.youtube.com/watch?v=o8pkl8VkN6g,1
https://www.youtube.com/user/CNN/videos,https://www.youtube.com/watch?v=o8pkl8VkN6g,1
https://www.youtube.com/user/CNN/videos,https://www.youtube.com/watch?v=o8pkl8VkN6g,1
https://www.youtube.com/user/CNN/videos,https://www.youtube.com/watch?v=o8pkl8VkN6g,1
https://www.youtube.com/user/CNN/videos,https://www.youtube.com/watch?v=o8pkl8VkN6g,1
https://www.youtube.com/user/CNN/videos,https://www.youtube.com/watch?v=o8pkl8VkN6g,1
https://www.youtube.com/user/CNN/videos,https://www.youtube.com/watch?v=knq_AztZg9w,1
https://www.youtube.com/user/CNN/videos,https://www.youtube.com/watch?v=knq_AztZg9w,1
https://www.youtube.com/user/CNN/videos,https://www.youtube.com/watch?v=knq_AztZg9w,1
https://www.youtube.com/user/CNN/videos,https://www.youtube.com/watch?v=knq_AztZg9w,1
https://www.youtube.com/user/CNN/videos,https://www.youtube.com/watch?v=knq_AztZg9w,1
https://www.youtube.com/user/CNN/videos,https://www.youtube.com/watch?v=ZSYFUJTXo3U,1
https://www.youtube.com/user/CNN/videos,https://www.youtube.com/watch?v=ZSYFUJTXo3U,1
https://www.youtube.com/user/CNN/videos,https://www.youtube.com/watch?v=ZSYFUJTXo3U,1
https://www.youtube.com/user/CNN/videos,https://www.youtube.com/watch?v=ZSYFUJTXo3U,1
https://www.youtube.com/user/CNN/videos,https://www.youtube.com/watch?v=ZSYFUJTXo3U,1
https://www.youtube.com/user/CNN/videos,https://www.youtube.com/watch?v=tecWT6vGZnI,1
https://www.youtube.com/user/CNN/videos,https://www.youtube.com/watch?v=tecWT6vGZnI,1
https://www.youtube.com/user/CNN/videos,https://www.youtube.com/watch?v=tecWT6vGZnI,1
https://www.youtube.com/user/CNN/videos,https://www.youtube.com/watch?v=tecWT6vGZnI,1
https://www.youtube.com/user/CNN/videos,https://www.youtube.com/watch?v=tecWT6vGZnI,1
https://www.youtube.com/user/CNN/videos,https://www.youtube.com/watch?v=ksJUZa6jFpM,1
https://www.youtube.com/user/CNN/videos,https://www.youtube.com/watch?v=ksJUZa6jFpM,1
https://www.youtube.com/user/CNN/videos,https://www.youtube.com/watch?v=ksJUZa6jFpM,1
https://www.youtube.com/user/CNN/videos,https://www.youtube.com/watch?v=ksJUZa6jFpM,1
https://www.youtube.com/user/CNN/videos,https://www.youtube.com/watch?v=1HQ_AVAJlKE,1
https://www.youtube.com/user/CNN/videos,https://www.youtube.com/watch?v=1HQ_AVAJlKE,1
https://www.youtube.com/user/CNN/videos,https://www.youtube.com/watch?v=1HQ_AVAJlKE,1
https://www.youtube.com/user/CNN/videos,https://www.youtube.com/watch?v=1HQ_AVAJlKE,1
https://www.youtube.com/user/CNN/videos,https://www.youtube.com/watch?v=i3by2kNHGgo,1
https://www.youtube.com/user/CNN/videos,https://www.youtube.com/watch?v=i3by2kNHGgo,1
https://www.youtube.com/user/CNN/videos,https://www.youtube.com/watch?v=i3by2kNHGgo,1
https://www.youtube.com/user/CNN/videos,https://www.youtube.com/watch?v=i3by2kNHGgo,1
https://www.youtube.com/user/CNN/videos,https://www.youtube.com/watch?v=i3by2kNHGgo,1
https://www.youtube.com/user/CNN/videos,https://www.youtube.com/watch?v=i3by2kNHGgo,1
https://www.youtube.com/user/CNN/videos,https://www.youtube.com/watch?v=i3by2kNHGgo,1
https://www.youtube.com/user/CNN/videos,https://www.youtube.com/watch?v=i3by2kNHGgo,1
https://www.youtube.com/user/CNN/videos,https://www.youtube.com/watch?v=i3by2kNHGgo,1
https://www.youtube.com/user/CNN/videos,https://www.youtube.com/watch?v=i3by2kNHGgo,1
https://www.youtube.com/user/CNN/videos,https://www.youtube.com/watch?v=i3by2kNHGgo,1
https://www.youtube.com/user/CNN/videos,https://www.youtube.com/watch?v=i3by2kNHGgo,1
https://www.youtube.com/user/CNN/videos,https://www.youtube.com/watch?v=i3by2kNHGgo,1
https://www.youtube.com/user/CNN/videos,https://www.youtube.com/watch?v=i3by2kNHGgo,1
https://www.youtube.com/user/CNN/videos,https://www.youtube.com/watch?v=i3by2kNHGgo,1
https://www.youtube.com/user/CNN/videos,https://www.youtube.com/watch?v=N6vcX2h1OyM,1
https://www.youtube.com/user/CNN/videos,https://www.youtube.com/watch?v=N6vcX2h1OyM,1
https://www.youtube.com/user/CNN/videos,https://www.youtube.com/watch?v=N6vcX2h1OyM,1
https://www.youtube.com/user/CNN/videos,https://www.youtube.com/watch?v=VtBHSP_CakI,1
https://www.youtube.com/user/CNN/videos,https://www.youtube.com/watch?v=VtBHSP_CakI,1
https://www.youtube.com/user/CNN/videos,https://www.youtube.com/watch?v=VtBHSP_CakI,1
https://www.youtube.com/user/CNN/videos,https://www.youtube.com/watch?v=VtBHSP_CakI,1
https://www.youtube.com/user/CNN/videos,https://www.youtube.com/watch?v=VtBHSP_CakI,1
https://www.youtube.com/user/CNN/videos,https://www.youtube.com/watch?v=VtBHSP_CakI,1
https://www.youtube.com/user/CNN/videos,https://www.youtube.com/watch?v=VtBHSP_CakI,1
https://www.youtube.com/user/CNN/videos,https://www.youtube.com/watch?v=VtBHSP_CakI,1
https://www.youtube.com/user/CNN/videos,https://www.youtube.com/watch?v=VtBHSP_CakI,1
https://www.youtube.com/user/CNN/videos,https://www.youtube.com/watch?v=VtBHSP_CakI,1
https://www.youtube.com/user/CNN/videos,https://www.youtube.com/watch?v=VtBHSP_CakI,1
https://www.youtube.com/user/CNN/videos,https://www.youtube.com/watch?v=VtBHSP_CakI,1
https://www.youtube.com/user/CNN/videos,https://www.youtube.com/watch?v=VtBHSP_CakI,1
https://www.youtube.com/user/CNN/videos,https://www.youtube.com/watch?v=VtBHSP_CakI,1
https://www.youtube.com/user/CNN/videos,https://www.youtube.com/watch?v=VtBHSP_CakI,1
https://www.youtube.com/user/CNN/videos,https://www.youtube.com/watch?v=VtBHSP_CakI,1
https://www.youtube.com/user/CNN/videos,https://www.youtube.com/watch?v=Q8IhzlrjZlM,1
https://www.youtube.com/user/CNN/videos,https://www.youtube.com/watch?v=Q8IhzlrjZlM,1
https://www.youtube.com/user/CNN/videos,https://www.youtube.com/watch?v=Q8IhzlrjZlM,1
https://www.youtube.com/user/CNN/videos,https://www.youtube.com/watch?v=Q8IhzlrjZlM,1
https://www.youtube.com/user/CNN/videos,https://www.youtube.com/watch?v=Q8IhzlrjZlM,1
https://www.youtube.com/user/CNN/videos,https://www.youtube.com/watch?v=0h3lpt4JRyA,1
https://www.youtube.com/user/CNN/videos,https://www.youtube.com/watch?v=0h3lpt4JRyA,1
https://www.youtube.com/user/CNN/videos,https://www.youtube.com/watch?v=0h3lpt4JRyA,1
https://www.youtube.com/user/CNN/videos,https://www.youtube.com/watch?v=0h3lpt4JRyA,1
https://www.youtube.com/user/CNN/videos,https://www.youtube.com/watch?v=0h3lpt4JRyA,1
https://www.youtube.com/user/CNN/videos,https://www.youtube.com/watch?v=0h3lpt4JRyA,1
https://www.youtube.com/user/CNN/videos,https://www.youtube.com/watch?v=a_v0Ex4Mscs,1
https://www.youtube.com/user/CNN/videos,https://www.youtube.com/watch?v=a_v0Ex4Mscs,1
https://www.youtube.com/user/CNN/videos,https://www.youtube.com/watch?v=a_v0Ex4Mscs,1
https://www.youtube.com/user/CNN/videos,https://www.youtube.com/watch?v=a_v0Ex4Mscs,1
https://www.youtube.com/user/CNN/videos,https://www.youtube.com/watch?v=a_v0Ex4Mscs,1
https://www.youtube.com/user/CNN/videos,https://www.youtube.com/watch?v=a_v0Ex4Mscs,1
https://www.youtube.com/user/CNN/videos,https://www.youtube.com/watch?v=a_v0Ex4Mscs,1
https://www.youtube.com/user/CNN/videos,https://www.youtube.com/watch?v=a_v0Ex4Mscs,1
https://www.youtube.com/user/CNN/videos,https://www.youtube.com/watch?v=a_v0Ex4Mscs,1
https://www.youtube.com/user/CNN/videos,https://www.youtube.com/watch?v=wAh5h4rq71Y,1
https://www.youtube.com/user/CNN/videos,https://www.youtube.com/watch?v=wAh5h4rq71Y,1
https://www.youtube.com/user/CNN/videos,https://www.youtube.com/watch?v=wAh5h4rq71Y,1
https://www.youtube.com/user/CNN/videos,https://www.youtube.com/watch?v=wAh5h4rq71Y,1
https://www.youtube.com/user/CNN/videos,https://www.youtube.com/watch?v=wAh5h4rq71Y,1
https://www.youtube.com/user/CNN/videos,https://www.youtube.com/watch?v=wAh5h4rq71Y,1
https://www.youtube.com/user/CNN/videos,https://www.youtube.com/watch?v=wAh5h4rq71Y,1
https://www.youtube.com/user/CNN/videos,https://www.youtube.com/watch?v=wAh5h4rq71Y,1
https://www.youtube.com/user/CNN/videos,https://www.youtube.com/watch?v=wAh5h4rq71Y,1
https://www.youtube.com/user/CNN/videos,https://www.youtube.com/watch?v=wAh5h4rq71Y,1
https://www.youtube.com/user/CNN/videos,https://www.youtube.com/watch?v=wAh5h4rq71Y,1
https://www.youtube.com/user/CNN/videos,https://www.youtube.com/watch?v=wAh5h4rq71Y,1
https://www.youtube.com/user/CNN/videos,https://www.youtube.com/watch?v=wAh5h4rq71Y,1
https://www.youtube.com/user/CNN/videos,https://www.youtube.com/watch?v=wAh5h4rq71Y,1
https://www.youtube.com/user/CNN/videos,https://www.youtube.com/watch?v=wAh5h4rq71Y,1
https://www.youtube.com/user/CNN/videos,https://www.youtube.com/watch?v=wAh5h4rq71Y,1
https://www.youtube.com/user/CNN/videos,https://www.youtube.com/watch?v=wAh5h4rq71Y,1
https://www.youtube.com/user/CNN/videos,https://www.youtube.com/watch?v=xWd32FohjfI,1
https://www.youtube.com/user/CNN/videos,https://www.youtube.com/watch?v=xWd32FohjfI,1
https://www.youtube.com/user/CNN/videos,https://www.youtube.com/watch?v=xWd32FohjfI,1
https://www.youtube.com/user/CNN/videos,https://www.youtube.com/watch?v=xWd32FohjfI,1
https://www.youtube.com/user/CNN/videos,https://www.youtube.com/watch?v=xWd32FohjfI,1
https://www.youtube.com/user/CNN/videos,https://www.youtube.com/watch?v=xWd32FohjfI,1
https://www.youtube.com/user/CNN/videos,https://www.youtube.com/watch?v=xWd32FohjfI,1
https://www.youtube.com/user/CNN/videos,https://www.youtube.com/watch?v=xWd32FohjfI,1
https://www.youtube.com/user/CNN/videos,https://www.youtube.com/watch?v=xWd32FohjfI,1
https://www.youtube.com/user/CNN/videos,https://www.youtube.com/watch?v=ZtKp1GHzq0Y,1
https://www.youtube.com/user/CNN/videos,https://www.youtube.com/watch?v=ZtKp1GHzq0Y,1
https://www.youtube.com/user/CNN/videos,https://www.youtube.com/watch?v=ZtKp1GHzq0Y,1
https://www.youtube.com/user/CNN/videos,https://www.youtube.com/watch?v=ZtKp1GHzq0Y,1
https://www.youtube.com/user/CNN/videos,https://www.youtube.com/watch?v=ZtKp1GHzq0Y,1
https://www.youtube.com/user/CNN/videos,https://www.youtube.com/watch?v=etE_AHnIY4k,1
https://www.youtube.com/user/CNN/videos,https://www.youtube.com/watch?v=etE_AHnIY4k,1
https://www.youtube.com/user/CNN/videos,https://www.youtube.com/watch?v=etE_AHnIY4k,1
https://www.youtube.com/user/CNN/videos,https://www.youtube.com/watch?v=etE_AHnIY4k,1
https://www.youtube.com/user/CNN/videos,https://www.youtube.com/watch?v=etE_AHnIY4k,1
https://www.youtube.com/user/CNN/videos,https://www.youtube.com/watch?v=0EBycfDo8RA,1
https://www.youtube.com/user/CNN/videos,https://www.youtube.com/watch?v=0EBycfDo8RA,1
https://www.youtube.com/user/CNN/videos,https://www.youtube.com/watch?v=0EBycfDo8RA,1
https://www.youtube.com/user/CNN/videos,https://www.youtube.com/watch?v=0EBycfDo8RA,1
https://www.youtube.com/user/CNN/videos,https://www.youtube.com/watch?v=0EBycfDo8RA,1
https://www.youtube.com/user/CNN/videos,https://www.youtube.com/watch?v=0EBycfDo8RA,1
https://www.youtube.com/user/CNN/videos,https://www.youtube.com/watch?v=ay3DY5-AxPk,1
https://www.youtube.com/user/CNN/videos,https://www.youtube.com/watch?v=ay3DY5-AxPk,1
https://www.youtube.com/user/CNN/videos,https://www.youtube.com/watch?v=ay3DY5-AxPk,1
https://www.youtube.com/user/CNN/videos,https://www.youtube.com/watch?v=ay3DY5-AxPk,1
https://www.youtube.com/user/CNN/videos,https://www.youtube.com/watch?v=ay3DY5-AxPk,1
https://www.youtube.com/user/CNN/videos,https://www.youtube.com/watch?v=ay3DY5-AxPk,1
https://www.youtube.com/user/CNN/videos,https://www.youtube.com/watch?v=_xdo7u7KoGg,1
https://www.youtube.com/user/CNN/videos,https://www.youtube.com/watch?v=_xdo7u7KoGg,1
https://www.youtube.com/user/CNN/videos,https://www.youtube.com/watch?v=_xdo7u7KoGg,1
https://www.youtube.com/user/CNN/videos,https://www.youtube.com/watch?v=_xdo7u7KoGg,1
https://www.youtube.com/user/CNN/videos,https://www.youtube.com/watch?v=_xdo7u7KoGg,1
https://www.youtube.com/user/CNN/videos,https://www.youtube.com/watch?v=_xdo7u7KoGg,1
https://www.youtube.com/user/CNN/videos,https://www.youtube.com/watch?v=_xdo7u7KoGg,1
https://www.youtube.com/user/CNN/videos,https://www.youtube.com/watch?v=_xdo7u7KoGg,1
https://www.youtube.com/user/CNN/videos,https://www.youtube.com/watch?v=_xdo7u7KoGg,1
https://www.youtube.com/user/CNN/videos,https://www.youtube.com/watch?v=_xdo7u7KoGg,1
https://www.youtube.com/user/CNN/videos,https://www.youtube.com/watch?v=_xdo7u7KoGg,1
https://www.youtube.com/user/CNN/videos,https://www.youtube.com/watch?v=_xdo7u7KoGg,1
https://www.youtube.com/user/CNN/videos,https://www.youtube.com/watch?v=_xdo7u7KoGg,1
https://www.youtube.com/user/CNN/videos,https://www.youtube.com/watch?v=_xdo7u7KoGg,1
https://www.youtube.com/user/CNN/videos,https://www.youtube.com/watch?v=_xdo7u7KoGg,1
https://www.youtube.com/user/CNN/videos,https://www.youtube.com/watch?v=_xdo7u7KoGg,1
https://www.youtube.com/user/CNN/videos,https://www.youtube.com/watch?v=_xdo7u7KoGg,1
https://www.youtube.com/user/CNN/videos,https://www.youtube.com/watch?v=_xdo7u7KoGg,1
https://www.youtube.com/user/CNN/videos,https://www.youtube.com/watch?v=U7ruc2nrTHI,1
https://www.youtube.com/user/CNN/videos,https://www.youtube.com/watch?v=U7ruc2nrTHI,1
https://www.youtube.com/user/CNN/videos,https://www.youtube.com/watch?v=U7ruc2nrTHI,1
https://www.youtube.com/user/CNN/videos,https://www.youtube.com/watch?v=U7ruc2nrTHI,1
https://www.youtube.com/user/CNN/videos,https://www.youtube.com/watch?v=U7ruc2nrTHI,1
https://www.youtube.com/user/CNN/videos,https://www.youtube.com/watch?v=U7ruc2nrTHI,1
https://www.youtube.com/user/CNN/videos,https://www.youtube.com/watch?v=U7ruc2nrTHI,1
https://www.youtube.com/user/CNN/videos,https://www.youtube.com/watch?v=U7ruc2nrTHI,1
https://www.youtube.com/user/CNN/videos,https://www.youtube.com/watch?v=U7ruc2nrTHI,1
https://www.youtube.com/user/CNN/videos,https://www.youtube.com/watch?v=U7ruc2nrTHI,1
https://www.youtube.com/user/CNN/videos,https://www.youtube.com/watch?v=U7ruc2nrTHI,1
https://www.youtube.com/user/CNN/videos,https://www.youtube.com/watch?v=U7ruc2nrTHI,1
https://www.youtube.com/user/CNN/videos,https://www.youtube.com/watch?v=U7ruc2nrTHI,1
https://www.youtube.com/user/CNN/videos,https://www.youtube.com/watch?v=U7ruc2nrTHI,1
https://www.youtube.com/user/CNN/videos,https://www.youtube.com/watch?v=U7ruc2nrTHI,1
https://www.youtube.com/user/CNN/videos,https://www.youtube.com/watch?v=U7ruc2nrTHI,1
https://www.youtube.com/user/CNN/videos,https://www.youtube.com/watch?v=Tia2DhQWgdY,1
https://www.youtube.com/user/CNN/videos,https://www.youtube.com/watch?v=Tia2DhQWgdY,1
https://www.youtube.com/user/CNN/videos,https://www.youtube.com/watch?v=Tia2DhQWgdY,1
https://www.youtube.com/user/CNN/videos,https://www.youtube.com/watch?v=Tia2DhQWgdY,1
https://www.youtube.com/user/CNN/videos,https://www.youtube.com/watch?v=Tia2DhQWgdY,1
https://www.youtube.com/user/CNN/videos,https://www.youtube.com/watch?v=Tia2DhQWgdY,1
https://www.youtube.com/user/CNN/videos,https://www.youtube.com/watch?v=Tia2DhQWgdY,1
https://www.youtube.com/user/CNN/videos,https://www.youtube.com/watch?v=Tia2DhQWgdY,1
https://www.youtube.com/user/CNN/videos,https://www.youtube.com/watch?v=Tia2DhQWgdY,1
https://www.youtube.com/user/CNN/videos,https://www.youtube.com/watch?v=Tia2DhQWgdY,1
https://www.youtube.com/user/CNN/videos,https://www.youtube.com/watch?v=hESM7yNxRUA,1
https://www.youtube.com/user/CNN/videos,https://www.youtube.com/watch?v=hESM7yNxRUA,1
https://www.youtube.com/user/CNN/videos,https://www.youtube.com/watch?v=hESM7yNxRUA,1
https://www.youtube.com/user/CNN/videos,https://www.youtube.com/watch?v=hESM7yNxRUA,1
https://www.youtube.com/user/CNN/videos,https://www.youtube.com/watch?v=hESM7yNxRUA,1
https://www.youtube.com/user/CNN/videos,https://www.youtube.com/watch?v=yfiPOZ9sdLQ,1
https://www.youtube.com/user/CNN/videos,https://www.youtube.com/watch?v=yfiPOZ9sdLQ,1
https://www.youtube.com/user/CNN/videos,https://www.youtube.com/watch?v=yfiPOZ9sdLQ,1
https://www.youtube.com/user/CNN/videos,https://www.youtube.com/watch?v=yfiPOZ9sdLQ,1
https://www.youtube.com/user/CNN/videos,https://www.youtube.com/watch?v=yfiPOZ9sdLQ,1
https://www.youtube.com/user/CNN/videos,https://www.youtube.com/watch?v=GfOVGHZKrkk,1
https://www.youtube.com/user/CNN/videos,https://www.youtube.com/watch?v=GfOVGHZKrkk,1
https://www.youtube.com/user/CNN/videos,https://www.youtube.com/watch?v=GfOVGHZKrkk,1
https://www.youtube.com/user/CNN/videos,https://www.youtube.com/watch?v=GfOVGHZKrkk,1
https://www.youtube.com/user/CNN/videos,https://www.youtube.com/watch?v=GfOVGHZKrkk,1
https://www.youtube.com/user/CNN/videos,https://www.youtube.com/watch?v=GfOVGHZKrkk,1
https://www.youtube.com/user/CNN/videos,https://www.youtube.com/watch?v=GfOVGHZKrkk,1
https://www.youtube.com/user/CNN/videos,https://www.youtube.com/watch?v=GfOVGHZKrkk,1
https://www.youtube.com/user/CNN/videos,https://www.youtube.com/watch?v=zyvt7_FuRhE,1
https://www.youtube.com/user/CNN/videos,https://www.youtube.com/watch?v=zyvt7_FuRhE,1
https://www.youtube.com/user/CNN/videos,https://www.youtube.com/watch?v=zyvt7_FuRhE,1
https://www.youtube.com/user/CNN/videos,https://www.youtube.com/watch?v=zyvt7_FuRhE,1
https://www.youtube.com/user/CNN/videos,https://www.youtube.com/watch?v=zyvt7_FuRhE,1
https://www.youtube.com/user/CNN/videos,https://www.youtube.com/watch?v=ksJUZa6jFpM,1
https://www.youtube.com/user/CNN/videos,https://www.youtube.com/watch?v=ay3DY5-AxPk,1
https://www.youtube.com/user/CNN/videos,https://www.youtube.com/watch?v=knq_AztZg9w,1
https://www.youtube.com/user/CNN/videos,https://www.youtube.com/watch?v=AyyYf8X89Og,1
https://www.youtube.com/user/CNN/videos,https://www.youtube.com/watch?v=d4MUq_o540k,1
https://www.youtube.com/user/CNN/videos,https://www.youtube.com/watch?v=3_LxezqArzE,1
https://www.youtube.com/user/CNN/videos,https://www.youtube.com/watch?v=qciVozNtCDM,1
https://www.youtube.com/user/CNN/videos,https://www.youtube.com/watch?v=UNY-i_9dQhk,1
https://www.youtube.com/user/CNN/videos,https://www.youtube.com/watch?v=TcqAu8VyjZA,1
https://www.youtube.com/user/CNN/videos,https://www.youtube.com/watch?v=V8xIC46r8R0,1
https://www.youtube.com/user/CNN/videos,https://www.youtube.com/watch?v=juqBLGmCHkU,1
https://www.youtube.com/user/CNN/videos,https://www.youtube.com/watch?v=g_uROiZjujY,1
https://www.youtube.com/user/CNN/videos,https://www.youtube.com/watch?v=Wf2ZlHywkr4,1
https://www.youtube.com/user/CNN/videos,https://www.youtube.com/watch?v=gWY2mnvi_3Q,1
https://www.youtube.com/user/CNN/videos,https://www.youtube.com/watch?v=Q8IhzlrjZlM,1
https://www.youtube.com/user/CNN/videos,https://www.youtube.com/watch?v=HotdJBmi8FM,1
https://www.youtube.com/user/CNN/videos,https://www.youtube.com/watch?v=_xdo7u7KoGg,1
https://www.youtube.com/user/CNN/videos,https://www.youtube.com/watch?v=ay3DY5-AxPk&t=1s,1
https://www.youtube.com/user/CNN/videos,https://www.youtube.com/watch?v=tixYvbHgpDs,1
https://www.youtube.com/user/CNN/videos,https://www.youtube.com/watch?v=MBo4GViDxzc,1
https://www.youtube.com/user/CNN/videos,https://www.youtube.com/watch?v=Q8IhzlrjZlM,1
https://www.youtube.com/user/CNN/videos,https://www.youtube.com/watch?v=Gby2630Nk-Q,1
https://www.youtube.com/user/CNN/videos,https://www.youtube.com/watch?v=B0rArrOZ5Bc,1
https://www.youtube.com/user/CNN/videos,https://www.youtube.com/watch?v=g_uROiZjujY,1
https://www.youtube.com/user/CNN/videos,https://www.youtube.com/watch?v=vID3cn4V6GE,1
https://www.youtube.com/user/CNN/videos,https://www.youtube.com/watch?v=GZ587rIgfj4,1
https://www.youtube.com/user/CNN/videos,https://www.youtube.com/watch?v=hESM7yNxRUA,1
https://www.youtube.com/user/CNN/videos,https://www.youtube.com/watch?v=JaSfcNccED0,1
https://www.youtube.com/user/CNN/videos,https://www.youtube.com/watch?v=UNY-i_9dQhk,1
https://www.youtube.com/user/CNN/videos,https://www.youtube.com/watch?v=tixYvbHgpDs,1
https://www.youtube.com/user/CNN/videos,https://www.youtube.com/watch?v=Wf2ZlHywkr4,1
https://www.youtube.com/user/CNN/videos,https://www.youtube.com/watch?v=Tia2DhQWgdY,1
https://www.youtube.com/user/CNN/videos,https://www.youtube.com/watch?v=qtf0nlXLGis,1
https://www.youtube.com/user/CNN/videos,https://www.youtube.com/watch?v=lU2wL0vIfGg,1
https://www.youtube.com/user/CNN/videos,https://www.youtube.com/watch?v=ObFzQ-FUC5g,1
https://www.youtube.com/user/CNN/videos,https://www.youtube.com/watch?v=juqBLGmCHkU,1
https://www.youtube.com/user/CNN/videos,https://www.youtube.com/watch?v=UuUyUrsFHDM,1
https://www.youtube.com/user/CNN/videos,https://www.youtube.com/watch?v=Wf2ZlHywkr4,1
https://www.youtube.com/user/CNN/videos,https://www.youtube.com/watch?v=qxF_CDDJ0YI,1
https://www.youtube.com/user/CNN/videos,https://www.youtube.com/watch?v=wAh5h4rq71Y,1
https://www.youtube.com/user/CNN/videos,https://www.youtube.com/watch?v=xsdpwn5E0Qk,1
https://www.youtube.com/user/CNN/videos,https://www.youtube.com/watch?v=sLLX8cKCys0,1
https://www.youtube.com/user/CNN/videos,https://www.youtube.com/watch?v=Tia2DhQWgdY,1
https://www.youtube.com/user/CNN/videos,https://www.youtube.com/watch?v=GjGdyVBagzc,1
https://www.youtube.com/user/CNN/videos,https://www.youtube.com/watch?v=2-yCPkD4Khs,1
https://www.youtube.com/user/CNN/videos,https://www.youtube.com/watch?v=gOeUQ5OqjyY,1
https://www.youtube.com/user/CNN/videos,https://www.youtube.com/watch?v=U7ruc2nrTHI,1
https://www.youtube.com/user/CNN/videos,https://www.youtube.com/watch?v=ljXOXyAquc0,1
https://www.youtube.com/user/CNN/videos,https://www.youtube.com/watch?v=OKHPf1KONU4,1
https://www.youtube.com/user/CNN/videos,https://www.youtube.com/watch?v=zyvt7_FuRhE,1
https://www.youtube.com/user/CNN/videos,https://www.youtube.com/watch?v=TpqL7ob26Ng,1
https://www.youtube.com/user/CNN/videos,https://www.youtube.com/watch?v=hiSjckdRtuU,1
https://www.youtube.com/user/CNN/videos,https://www.youtube.com/watch?v=ZSYFUJTXo3U,1
https://www.youtube.com/user/CNN/videos,https://www.youtube.com/watch?v=2WR-zVkJuCY,1
https://www.youtube.com/user/CNN/videos,https://www.youtube.com/watch?v=ay3DY5-AxPk,1
https://www.youtube.com/user/CNN/videos,https://www.youtube.com/watch?v=N6vcX2h1OyM,1
https://www.youtube.com/user/CNN/videos,https://www.youtube.com/watch?v=Gby2630Nk-Q,1
https://www.youtube.com/user/CNN/videos,https://www.youtube.com/watch?v=U7ruc2nrTHI,1
https://www.youtube.com/user/CNN/videos,https://www.youtube.com/watch?v=zyvt7_FuRhE,1
https://www.youtube.com/user/CNN/videos,https://www.youtube.com/watch?v=Wb4-4PN8u4w,1
https://www.youtube.com/user/CNN/videos,https://www.youtube.com/watch?v=yhgSsCBCDIY,1
https://www.youtube.com/user/CNN/videos,https://www.youtube.com/watch?v=-3BJwJx_IBc,1
https://www.youtube.com/user/CNN/videos,https://www.youtube.com/watch?v=juqBLGmCHkU,1
https://www.youtube.com/user/CNN/videos,https://www.youtube.com/watch?v=ljXOXyAquc0,1
https://www.youtube.com/user/CNN/videos,https://www.youtube.com/watch?v=iG-rJF2rq5U,1
https://www.youtube.com/user/CNN/videos,https://www.youtube.com/watch?v=Fd1i2XB_cus,1
https://www.youtube.com/user/CNN/videos,https://www.youtube.com/watch?v=a_v0Ex4Mscs,1
https://www.youtube.com/user/CNN/videos,https://www.youtube.com/watch?v=dWY2sUrOTbs,1
https://www.youtube.com/user/CNN/videos,https://www.youtube.com/watch?v=bsBXpt5RIsQ,1
https://www.youtube.com/user/CNN/videos,https://www.youtube.com/watch?v=RB4fgZC1JXo,1
https://www.youtube.com/user/CNN/videos,https://www.youtube.com/watch?v=Q8IhzlrjZlM,1
https://www.youtube.com/user/CNN/videos,https://www.youtube.com/watch?v=gY4rWP3b8gk,1
https://www.youtube.com/user/CNN/videos,https://www.youtube.com/watch?v=GtWpo54SJGs,1
https://www.youtube.com/user/CNN/videos,https://www.youtube.com/watch?v=wAh5h4rq71Y,1
https://www.youtube.com/user/CNN/videos,https://www.youtube.com/watch?v=jXoOmtD8c9Y,1
https://www.youtube.com/user/CNN/videos,https://www.youtube.com/watch?v=9XkypXYYcho,1
https://www.youtube.com/user/CNN/videos,https://www.youtube.com/watch?v=l7xLR63gwX8,1
https://www.youtube.com/user/CNN/videos,https://www.youtube.com/watch?v=qxF_CDDJ0YI,1
https://www.youtube.com/user/CNN/videos,https://www.youtube.com/watch?v=z3afYFea5Ws,1
https://www.youtube.com/user/CNN/videos,https://www.youtube.com/watch?v=Wf2ZlHywkr4,1
https://www.youtube.com/user/CNN/videos,https://www.youtube.com/watch?v=VwFjRPL7xp4,1
https://www.youtube.com/user/CNN/videos,https://www.youtube.com/watch?v=CzjOas_WQj4,1
https://www.youtube.com/user/CNN/videos,https://www.youtube.com/watch?v=wAh5h4rq71Y&t=1s,1
https://www.youtube.com/user/CNN/videos,https://www.youtube.com/watch?v=juqBLGmCHkU,1
https://www.youtube.com/user/CNN/videos,https://www.youtube.com/watch?v=lpnvGA-wJIE,1
https://www.youtube.com/user/CNN/videos,https://www.youtube.com/watch?v=VD5zDwJ_iv8,1
https://www.youtube.com/user/CNN/videos,https://www.youtube.com/watch?v=X2q98odZz2U,1
https://www.youtube.com/user/CNN/videos,https://www.youtube.com/watch?v=kTlO3Ps7a64,1
https://www.youtube.com/user/CNN/videos,https://www.youtube.com/watch?v=OYf30Pdy5yI,1
https://www.youtube.com/user/CNN/videos,https://www.youtube.com/watch?v=o8pkl8VkN6g,1
https://www.youtube.com/user/CNN/videos,https://www.youtube.com/watch?v=ay3DY5-AxPk&t=1s,1
https://www.youtube.com/user/CNN/videos,https://www.youtube.com/watch?v=Hb91Fe1f3v4,1
https://www.youtube.com/user/CNN/videos,https://www.youtube.com/watch?v=mLqs-88Lkrc,1
https://www.youtube.com/user/CNN/videos,https://www.youtube.com/watch?v=_xdo7u7KoGg,1
https://www.youtube.com/user/CNN/videos,https://www.youtube.com/watch?v=sLLX8cKCys0,1
https://www.youtube.com/user/CNN/videos,https://www.youtube.com/watch?v=dWY2sUrOTbs,1
https://www.youtube.com/user/CNN/videos,https://www.youtube.com/watch?v=ay3DY5-AxPk&t=1s,1
https://www.youtube.com/user/CNN/videos,https://www.youtube.com/watch?v=g3r6JRnZwEU,1
https://www.youtube.com/user/CNN/videos,https://www.youtube.com/watch?v=etE_AHnIY4k&t=1s,1
https://www.youtube.com/user/CNN/videos,https://www.youtube.com/watch?v=GfOVGHZKrkk&t=1s,1
https://www.youtube.com/user/CNN/videos,https://www.youtube.com/watch?v=rN3_Bb3lzZg,1
https://www.youtube.com/user/CNN/videos,https://www.youtube.com/watch?v=TmNTnNAvKjw,1
https://www.youtube.com/user/CNN/videos,https://www.youtube.com/watch?v=eN4JTfWjSCQ,1
https://www.youtube.com/user/CNN/videos,https://www.youtube.com/watch?v=VtBHSP_CakI&t=1s,1
https://www.youtube.com/user/CNN/videos,https://www.youtube.com/watch?v=juqBLGmCHkU,1
https://www.youtube.com/user/CNN/videos,https://www.youtube.com/watch?v=ksJUZa6jFpM,1
https://www.youtube.com/user/CNN/videos,https://www.youtube.com/watch?v=_xdo7u7KoGg,1
https://www.youtube.com/user/CNN/videos,https://www.youtube.com/watch?v=8ZHcy6TqknM,1
https://www.youtube.com/user/CNN/videos,https://www.youtube.com/watch?v=o8pkl8VkN6g&t=1s,1
https://www.youtube.com/user/CNN/videos,https://www.youtube.com/watch?v=01ubB3gb0Nw,1
https://www.youtube.com/user/CNN/videos,https://www.youtube.com/watch?v=7Q2SYgvYB7M,1
https://www.youtube.com/user/CNN/videos,https://www.youtube.com/watch?v=Bl8mY2MOIwo&t=1s,1
https://www.youtube.com/user/CNN/videos,https://www.youtube.com/watch?v=3_LxezqArzE,1
https://www.youtube.com/user/CNN/videos,https://www.youtube.com/watch?v=1gfWv76Ab_I,1
https://www.youtube.com/user/CNN/videos,https://www.youtube.com/watch?v=g1qwUz0ruv8,1
https://www.youtube.com/user/CNN/videos,https://www.youtube.com/watch?v=Fd1i2XB_cus,1
https://www.youtube.com/user/CNN/videos,https://www.youtube.com/watch?v=X2q98odZz2U,1
https://www.youtube.com/user/CNN/videos,https://www.youtube.com/watch?v=4fxb4iZ5RjY,1
https://www.youtube.com/user/CNN/videos,https://www.youtube.com/watch?v=wAh5h4rq71Y,1
https://www.youtube.com/user/CNN/videos,https://www.youtube.com/watch?v=HotdJBmi8FM,1
https://www.youtube.com/user/CNN/videos,https://www.youtube.com/watch?v=juqBLGmCHkU,1
https://www.youtube.com/user/CNN/videos,https://www.youtube.com/watch?v=tixYvbHgpDs,1
https://www.youtube.com/user/CNN/videos,https://www.youtube.com/watch?v=t5DuraUD9Bs,1
https://www.youtube.com/user/CNN/videos,https://www.youtube.com/watch?v=ksJUZa6jFpM,1
https://www.youtube.com/user/CNN/videos,https://www.youtube.com/watch?v=zyvt7_FuRhE,1
https://www.youtube.com/user/CNN/videos,https://www.youtube.com/watch?v=CVCN5cU0WKU,1
https://www.youtube.com/user/CNN/videos,https://www.youtube.com/watch?v=Tia2DhQWgdY,1
https://www.youtube.com/user/CNN/videos,https://www.youtube.com/watch?v=9XkypXYYcho,1
https://www.youtube.com/user/CNN/videos,https://www.youtube.com/watch?v=TsYurq4KQ10,1
https://www.youtube.com/user/CNN/videos,https://www.youtube.com/watch?v=ggOTxSGc4pg,1
https://www.youtube.com/user/CNN/videos,https://www.youtube.com/watch?v=iFEgXOzKkeM,1
https://www.youtube.com/user/CNN/videos,https://www.youtube.com/watch?v=ksJUZa6jFpM,1
https://www.youtube.com/user/CNN/videos,https://www.youtube.com/watch?v=kPQCbf2BfuE,1
https://www.youtube.com/user/CNN/videos,https://www.youtube.com/watch?v=dWY2sUrOTbs,1
https://www.youtube.com/user/CNN/videos,https://www.youtube.com/watch?v=zUydnHcButo,1
https://www.youtube.com/user/CNN/videos,https://www.youtube.com/watch?v=M-HNCX3S1eY,1
https://www.youtube.com/user/CNN/videos,https://www.youtube.com/watch?v=ZSYFUJTXo3U,1
https://www.youtube.com/user/CNN/videos,https://www.youtube.com/watch?v=r5CKDYsZkws,1
https://www.youtube.com/user/CNN/videos,https://www.youtube.com/watch?v=goEARNmqoDs,1
https://www.youtube.com/user/CNN/videos,https://www.youtube.com/watch?v=Gby2630Nk-Q,1
https://www.youtube.com/user/CNN/videos,https://www.youtube.com/watch?v=cNaCSlQUaNs,1
https://www.youtube.com/user/CNN/videos,https://www.youtube.com/watch?v=rIoJH_ackW8,1
https://www.youtube.com/user/CNN/videos,https://www.youtube.com/watch?v=Fz4GQSbdVi4,1
https://www.youtube.com/user/CNN/videos,https://www.youtube.com/watch?v=VwFjRPL7xp4,1
https://www.youtube.com/user/CNN/videos,https://www.youtube.com/watch?v=a_v0Ex4Mscs&t=1s,1
https://www.youtube.com/user/CNN/videos,https://www.youtube.com/watch?v=bsBXpt5RIsQ,1
https://www.youtube.com/user/CNN/videos,https://www.youtube.com/watch?v=0h3lpt4JRyA&t=1s,1
https://www.youtube.com/user/CNN/videos,https://www.youtube.com/watch?v=ZSYFUJTXo3U&t=1s,1
https://www.youtube.com/user/CNN/videos,https://www.youtube.com/watch?v=UZtXdnJHxnk,1
https://www.youtube.com/user/CNN/videos,https://www.youtube.com/watch?v=wAh5h4rq71Y&t=1s,1
https://www.youtube.com/user/CNN/videos,https://www.youtube.com/watch?v=ay3DY5-AxPk&t=1s,1
https://www.youtube.com/user/CNN/videos,https://www.youtube.com/watch?v=z2VexQj9l_I,1
https://www.youtube.com/user/CNN/videos,https://www.youtube.com/watch?v=etE_AHnIY4k&t=1s,1
https://www.youtube.com/user/CNN/videos,https://www.youtube.com/watch?v=Bl8mY2MOIwo&t=1s,1
https://www.youtube.com/user/CNN/videos,https://www.youtube.com/watch?v=yfiPOZ9sdLQ&t=1s,1
https://www.youtube.com/user/CNN/videos,https://www.youtube.com/watch?v=nuVmH8LbhKM,1
https://www.youtube.com/user/CNN/videos,https://www.youtube.com/watch?v=hESM7yNxRUA&t=1s,1
https://www.youtube.com/user/CNN/videos,https://www.youtube.com/watch?v=juqBLGmCHkU,1
https://www.youtube.com/user/CNN/videos,https://www.youtube.com/watch?v=knq_AztZg9w&t=1s,1
https://www.youtube.com/user/CNN/videos,https://www.youtube.com/watch?v=dolo0-DuRfY,1
https://www.youtube.com/user/CNN/videos,https://www.youtube.com/watch?v=BKRJVDTTKzo,1
https://www.youtube.com/user/CNN/videos,https://www.youtube.com/watch?v=Wf2ZlHywkr4,1
https://www.youtube.com/user/CNN/videos,https://www.youtube.com/watch?v=-mo3272SvVY,1
https://www.youtube.com/user/CNN/videos,https://www.youtube.com/watch?v=UiL2inz487U,1
https://www.youtube.com/user/CNN/videos,https://www.youtube.com/watch?v=Q8IhzlrjZlM,1
https://www.youtube.com/user/CNN/videos,https://www.youtube.com/watch?v=cEkSxZJ91_8,1
https://www.youtube.com/user/CNN/videos,https://www.youtube.com/watch?v=xdEhTAqR6QI,1
https://www.youtube.com/user/CNN/videos,https://www.youtube.com/watch?v=GfOVGHZKrkk,1
https://www.youtube.com/user/CNN/videos,https://www.youtube.com/watch?v=dWY2sUrOTbs,1
https://www.youtube.com/user/CNN/videos,https://www.youtube.com/watch?v=CVCN5cU0WKU,1
https://www.youtube.com/user/CNN/videos,https://www.youtube.com/watch?v=HotdJBmi8FM,1
https://www.youtube.com/user/CNN/videos,https://www.youtube.com/watch?v=_xdo7u7KoGg,1
https://www.youtube.com/user/CNN/videos,https://www.youtube.com/watch?v=jloWUKpPNhw,1
https://www.youtube.com/user/CNN/videos,https://www.youtube.com/watch?v=ksJUZa6jFpM,1
https://www.youtube.com/user/CNN/videos,https://www.youtube.com/watch?v=BKRJVDTTKzo,1
https://www.youtube.com/user/CNN/videos,https://www.youtube.com/watch?v=juqBLGmCHkU,1
https://www.youtube.com/user/CNN/videos,https://www.youtube.com/watch?v=ay3DY5-AxPk&t=1s,1
https://www.youtube.com/user/CNN/videos,https://www.youtube.com/watch?v=n9jcIr8FyPs,1
https://www.youtube.com/user/CNN/videos,https://www.youtube.com/watch?v=U7ruc2nrTHI,1
https://www.youtube.com/user/CNN/videos,https://www.youtube.com/watch?v=hiSjckdRtuU,1
https://www.youtube.com/user/CNN/videos,https://www.youtube.com/watch?v=ZSYFUJTXo3U,1
https://www.youtube.com/user/CNN/videos,https://www.youtube.com/watch?v=P3c2Mr03TPM,1
https://www.youtube.com/user/CNN/videos,https://www.youtube.com/watch?v=idl9Bjjwqhg,1
https://www.youtube.com/user/CNN/videos,https://www.youtube.com/watch?v=ay3DY5-AxPk,1
https://www.youtube.com/user/CNN/videos,https://www.youtube.com/watch?v=iK7__28iw20,1
https://www.youtube.com/user/CNN/videos,https://www.youtube.com/watch?v=N6vcX2h1OyM,1
https://www.youtube.com/user/CNN/videos,https://www.youtube.com/watch?v=cNaCSlQUaNs,1
https://www.youtube.com/user/CNN/videos,https://www.youtube.com/watch?v=g_uROiZjujY,1
https://www.youtube.com/user/CNN/videos,https://www.youtube.com/watch?v=ZDSepQXmgxs,1
https://www.youtube.com/user/CNN/videos,https://www.youtube.com/watch?v=1BT5nXDhtOo,1
https://www.youtube.com/user/CNN/videos,https://www.youtube.com/watch?v=VtBHSP_CakI&t=1s,1
https://www.youtube.com/user/CNN/videos,https://www.youtube.com/watch?v=2EjI2sXu9oM,1
https://www.youtube.com/user/CNN/videos,https://www.youtube.com/watch?v=cNaCSlQUaNs,1
https://www.youtube.com/user/CNN/videos,https://www.youtube.com/watch?v=nPCZOwR-uI4,1
https://www.youtube.com/user/CNN/videos,https://www.youtube.com/watch?v=5GmrJk7aqcU,1
https://www.youtube.com/user/CNN/videos,https://www.youtube.com/watch?v=_v3eGX1LJ_c,1
https://www.youtube.com/user/CNN/videos,https://www.youtube.com/watch?v=ZSYFUJTXo3U,1
https://www.youtube.com/user/CNN/videos,https://www.youtube.com/watch?v=BKRJVDTTKzo,1
https://www.youtube.com/user/CNN/videos,https://www.youtube.com/watch?v=sLLX8cKCys0,1
https://www.youtube.com/user/CNN/videos,https://www.youtube.com/watch?v=jloWUKpPNhw,1
https://www.youtube.com/user/CNN/videos,https://www.youtube.com/watch?v=_xdo7u7KoGg,1
https://www.youtube.com/user/CNN/videos,https://www.youtube.com/watch?v=CVCN5cU0WKU,1
https://www.youtube.com/user/CNN/videos,https://www.youtube.com/watch?v=z2VexQj9l_I,1
https://www.youtube.com/user/CNN/videos,https://www.youtube.com/watch?v=wAh5h4rq71Y,1
https://www.youtube.com/user/CNN/videos,https://www.youtube.com/watch?v=bsBXpt5RIsQ,1
https://www.youtube.com/user/CNN/videos,https://www.youtube.com/watch?v=Gby2630Nk-Q,1
https://www.youtube.com/user/CNN/videos,https://www.youtube.com/watch?v=U7ruc2nrTHI,1
https://www.youtube.com/user/CNN/videos,https://www.youtube.com/watch?v=hESM7yNxRUA,1
https://www.youtube.com/user/CNN/videos,https://www.youtube.com/watch?v=Fz4GQSbdVi4,1
https://www.youtube.com/user/CNN/videos,https://www.youtube.com/watch?v=3Ugk9DZJlcE,1